<?xml version="1.0" encoding="UTF-8"?>
<project-private xmlns="http://www.netbeans.org/ns/project-private/1">
    <editor-bookmarks xmlns="http://www.netbeans.org/ns/editor-bookmarks/2" lastBookmarkId="0"/>
    <open-files xmlns="http://www.netbeans.org/ns/projectui-open-files/2">
        <group>
            <file>file:/Users/dale/NetBeansProjects/AudioViz/src/audioviz/EllipseVisualizer2.java</file>
            <file>file:/Users/dale/NetBeansProjects/AudioViz/src/audioviz/AudioViz.java</file>
            <file>file:/Users/dale/NetBeansProjects/AudioViz/src/audioviz/Visualizer.java</file>
            <file>file:/Users/dale/NetBeansProjects/AudioViz/src/audioviz/EllipseVisualizer1.java</file>
            <file>file:/Users/dale/NetBeansProjects/AudioViz/src/audioviz/EllipseVisualizer3.java</file>
            <file>file:/Users/dale/NetBeansProjects/AudioViz/src/audioviz/PlayerController.java</file>
        </group>
        <group name="Hello World Projects">
            <file>file:/Users/dalemusser/Desktop/AudioViz/src/audioviz/AudioViz.java</file>
            <file>file:/Users/dalemusser/Desktop/AudioViz/src/audioviz/EllipseVisualizer2.java</file>
            <file>file:/Users/dalemusser/Desktop/AudioViz/src/audioviz/PlayerController.java</file>
            <file>file:/Users/dalemusser/Desktop/AudioViz/src/audioviz/EllipseVisualizer1.java</file>
            <file>file:/Users/dalemusser/Desktop/AudioViz/src/audioviz/EllipseVisualizer3.java</file>
            <file>file:/Users/dalemusser/Desktop/AudioViz/src/audioviz/Visualizer.java</file>
        </group>
    </open-files>
</project-private>
